Date,Product,Region,Customer_Type,Quantity,Price,Discount,Revenue
2024-12-09,Laptops,West,Corporate,22,2921.95,0.12,56568.95
2024-11-24,Laptops,South,Corporate,34,2657.43,0.26,66860.94
2024-08-09,Monitors,South,Corporate,31,2842.82,0.09,80195.95
2024-02-26,Laptops,East,Corporate,23,1090.0,0.21,19805.3
2024-08-05,Desktops,South,Individual,31,2286.42,0.04,68043.86
2024-03-09,Laptops,West,Individual,14,1198.87,0.01,16616.34
2024-10-06,Accessories,East,Individual,32,2954.49,0.08,86980.19
2024-08-28,Desktops,North,Corporate,6,545.9,0.23,2522.06
2024-09-20,Laptops,West,Corporate,27,2590.32,0.21,55251.53
2024-02-16,Monitors,South,Individual,2,861.34,0.29,1223.1
2024-09-12,Accessories,South,Individual,8,785.81,0.03,6097.89
2024-01-28,Accessories,North,Individual,47,425.05,0.16,16780.97
2024-05-02,Monitors,East,Individual,33,2181.74,0.1,64797.68
2024-08-21,Accessories,North,Corporate,47,2830.46,0.06,125049.72
2024-05-23,Monitors,West,Individual,2,1873.52,0.08,3447.28
2024-11-14,Laptops,South,Individual,35,1917.5,0.01,66441.38
2024-10-11,Monitors,West,Corporate,10,1074.92,0.12,9459.3
2024-08-12,Laptops,South,Corporate,39,324.65,0.09,11521.83
2024-01-26,Monitors,North,Individual,22,2594.81,0.0,57085.82
2024-10-05,Laptops,South,Individual,17,1996.37,0.11,30205.08
2024-09-02,Laptops,East,Individual,34,1693.77,0.01,57012.3
2024-11-30,Laptops,South,Individual,29,1481.1,0.28,30925.37
2024-10-09,Laptops,North,Individual,13,2957.49,0.17,31911.32
2024-12-02,Accessories,East,Individual,45,557.3,0.28,18056.52
2024-05-10,Laptops,East,Corporate,13,1401.38,0.03,17671.4
2024-04-25,Laptops,North,Corporate,34,1390.57,0.14,40660.27
2024-09-10,Laptops,West,Corporate,19,2177.85,0.17,34344.69
2024-10-07,Monitors,West,Individual,35,401.65,0.1,12651.98
2024-01-08,Accessories,South,Corporate,24,807.94,0.3,13573.39
2024-04-11,Laptops,West,Individual,15,2893.11,0.08,39924.92
2024-07-24,Monitors,North,Individual,21,1834.11,0.19,31198.21
2024-01-19,Accessories,South,Individual,14,2835.52,0.13,34536.63
2024-09-09,Desktops,South,Corporate,11,2345.0,0.01,25537.05
2024-01-16,Desktops,South,Corporate,3,404.12,0.02,1188.11
2024-09-11,Accessories,West,Corporate,26,2224.71,0.14,49744.52
2024-06-30,Desktops,North,Individual,25,2583.72,0.15,54904.05
2024-06-27,Laptops,North,Individual,23,2071.78,0.12,41932.83
2024-09-02,Laptops,West,Individual,12,2244.71,0.28,19394.29
2024-01-03,Desktops,West,Corporate,7,2101.04,0.29,10442.17
2024-10-13,Accessories,East,Individual,23,2802.11,0.14,55425.74
2024-06-18,Monitors,West,Individual,3,1419.39,0.28,3065.88
2024-11-28,Accessories,South,Corporate,38,1005.36,0.1,34383.31
2024-05-31,Desktops,East,Corporate,19,2100.38,0.19,32324.85
2024-05-19,Laptops,South,Corporate,41,1322.21,0.03,52584.29
2024-07-13,Desktops,South,Corporate,4,1095.32,0.19,3548.84
2024-03-18,Desktops,North,Corporate,35,1977.6,0.17,57449.28
2024-12-05,Accessories,South,Corporate,34,2460.46,0.26,61905.17
2024-01-30,Desktops,North,Individual,4,632.2,0.01,2503.51
2024-09-13,Accessories,South,Corporate,23,129.25,0.02,2913.3
2024-11-14,Laptops,West,Individual,40,2533.35,0.11,90187.26
2024-08-09,Laptops,South,Corporate,34,1371.21,0.09,42425.24
2024-04-25,Monitors,West,Corporate,34,576.97,0.13,17066.77
2024-03-02,Laptops,South,Corporate,26,1265.78,0.18,26986.43
2024-03-24,Desktops,East,Corporate,20,2097.15,0.17,34812.69
2024-05-28,Desktops,East,Individual,30,1403.69,0.17,34951.88
2024-01-03,Desktops,North,Individual,45,254.69,0.14,9856.5
2024-03-17,Desktops,North,Individual,8,2197.9,0.24,13363.23
2024-02-08,Monitors,North,Individual,11,1874.0,0.17,17109.62
2024-08-08,Monitors,East,Corporate,18,1441.96,0.19,21023.78
2024-06-04,Monitors,North,Corporate,22,2279.12,0.24,38106.89
2024-06-16,Accessories,West,Individual,36,1993.92,0.13,62449.57
2024-01-02,Accessories,South,Individual,38,2668.21,0.08,93280.62
2024-02-28,Monitors,South,Individual,17,948.27,0.21,12735.27
2024-12-14,Laptops,South,Corporate,25,2105.83,0.22,41063.69
2024-08-10,Desktops,North,Corporate,27,2485.06,0.21,53006.33
2024-12-15,Laptops,North,Corporate,24,2237.04,0.19,43488.06
2024-05-22,Monitors,South,Corporate,6,1335.24,0.03,7771.1
2024-11-14,Monitors,East,Corporate,38,837.89,0.09,28974.24
2024-09-09,Desktops,North,Individual,45,789.39,0.01,35167.32
2024-07-22,Accessories,West,Corporate,1,2254.03,0.27,1645.44
2024-06-20,Desktops,West,Corporate,44,1833.33,0.11,71793.2
2024-09-07,Desktops,South,Individual,3,2486.36,0.16,6265.63
2024-11-30,Monitors,North,Corporate,7,1753.11,0.25,9203.83
2024-09-07,Laptops,South,Individual,37,258.97,0.08,8815.34
2024-01-21,Accessories,North,Corporate,17,1163.55,0.28,14241.85
2024-06-03,Laptops,East,Individual,27,294.59,0.2,6363.14
2024-03-18,Accessories,West,Corporate,13,505.51,0.25,4928.72
2024-10-03,Accessories,South,Individual,9,2662.0,0.14,20603.88
2024-06-29,Monitors,North,Corporate,30,2358.48,0.02,69339.31
2024-01-10,Desktops,East,Corporate,46,843.84,0.21,30665.15
2024-09-06,Desktops,West,Individual,44,2827.6,0.03,120681.97
2024-07-10,Desktops,North,Individual,16,1508.98,0.27,17624.89
2024-07-10,Desktops,East,Corporate,11,1468.04,0.13,14049.14
2024-12-09,Monitors,West,Individual,31,1686.05,0.05,49654.17
2024-09-01,Monitors,West,Individual,8,114.67,0.22,715.54
2024-07-23,Accessories,North,Corporate,16,2004.76,0.28,23094.84
2024-03-29,Accessories,North,Individual,4,2052.99,0.25,6158.97
2024-08-19,Desktops,North,Individual,25,127.61,0.09,2903.13
2024-01-07,Desktops,East,Corporate,23,458.02,0.16,8848.95
2024-09-20,Laptops,South,Corporate,11,2298.72,0.19,20481.6
2024-09-15,Laptops,East,Corporate,26,699.47,0.1,16367.6
2024-03-09,Desktops,East,Individual,18,641.25,0.15,9811.12
2024-07-05,Laptops,North,Individual,12,844.61,0.25,7601.49
2024-10-04,Desktops,West,Individual,3,1654.45,0.25,3722.51
2024-07-28,Accessories,North,Individual,12,1134.39,0.3,9528.88
2024-01-02,Monitors,East,Corporate,44,179.39,0.09,7182.78
2024-04-22,Laptops,North,Individual,28,1738.04,0.12,42825.31
2024-03-13,Accessories,East,Corporate,39,252.87,0.24,7495.07
2024-03-04,Laptops,East,Corporate,33,865.25,0.16,23984.73
2024-11-25,Monitors,East,Individual,37,2892.33,0.22,83472.64
2024-12-01,Laptops,South,Individual,14,1549.19,0.01,21471.77
2024-02-17,Monitors,North,Individual,4,1596.32,0.23,4916.67
2024-09-01,Monitors,North,Individual,25,1792.34,0.01,44360.42
2024-12-21,Accessories,North,Individual,15,2313.79,0.27,25336.0
2024-02-29,Accessories,West,Individual,25,1552.62,0.02,38039.19
2024-10-01,Monitors,North,Corporate,9,2937.89,0.26,19566.35
2024-05-02,Monitors,North,Individual,8,1674.28,0.26,9911.74
2024-10-19,Desktops,North,Corporate,10,2282.97,0.24,17350.57
2024-09-19,Desktops,West,Individual,4,2002.63,0.27,5847.68
2024-06-01,Monitors,East,Corporate,36,358.45,0.22,10065.28
2024-01-12,Monitors,East,Individual,30,1962.88,0.12,51820.03
2024-06-02,Accessories,North,Individual,22,1574.35,0.29,24591.35
2024-11-18,Laptops,East,Corporate,25,1591.24,0.12,35007.28
2024-03-12,Monitors,North,Individual,29,1232.69,0.06,33603.13
2024-08-01,Desktops,East,Individual,42,1733.54,0.29,51694.16
2024-03-23,Laptops,East,Individual,10,466.22,0.28,3356.78
2024-12-07,Monitors,South,Individual,33,334.2,0.02,10808.03
2024-06-01,Monitors,West,Individual,43,1847.1,0.28,57186.22
2024-01-22,Desktops,North,Individual,48,648.0,0.04,29859.84
2024-05-25,Laptops,East,Corporate,45,693.62,0.04,29964.38
2024-12-16,Accessories,East,Individual,42,2328.58,0.02,95844.35
2024-08-11,Desktops,East,Corporate,41,263.57,0.3,7564.46
2024-10-21,Monitors,West,Individual,10,635.22,0.16,5335.85
2024-02-03,Laptops,West,Corporate,48,546.78,0.2,20996.35
2024-07-23,Laptops,North,Corporate,42,1769.71,0.04,71354.71
2024-09-01,Laptops,North,Individual,1,635.18,0.1,571.66
2024-07-12,Desktops,East,Individual,27,806.09,0.16,18282.12
2024-01-20,Laptops,North,Individual,46,2187.22,0.0,100612.12
2024-05-22,Laptops,East,Individual,28,333.51,0.24,7097.09
2024-12-31,Desktops,East,Individual,6,1790.44,0.21,8486.69
2024-04-20,Desktops,West,Corporate,22,793.81,0.02,17114.54
2024-05-24,Desktops,East,Corporate,19,545.26,0.2,8287.95
2024-02-19,Accessories,East,Individual,28,180.94,0.01,5015.66
2024-12-10,Desktops,North,Corporate,12,1239.44,0.29,10560.03
2024-03-18,Laptops,West,Individual,9,940.01,0.16,7106.48
2024-08-09,Accessories,West,Corporate,18,1425.13,0.23,19752.3
2024-02-21,Laptops,South,Individual,4,409.36,0.16,1375.45
2024-10-14,Monitors,South,Individual,8,1757.96,0.26,10407.12
2024-06-19,Desktops,East,Individual,24,970.08,0.14,20022.45
2024-04-28,Laptops,South,Corporate,38,295.75,0.03,10901.34
2024-08-02,Monitors,West,Corporate,10,2353.94,0.22,18360.73
2024-07-18,Desktops,East,Corporate,29,1901.73,0.06,51841.16
2024-10-24,Accessories,South,Individual,44,2304.92,0.09,92289.0
2024-01-28,Monitors,North,Individual,6,850.18,0.07,4744.0
2024-02-18,Desktops,North,Corporate,50,2568.06,0.25,96302.25
2024-03-31,Monitors,South,Corporate,42,1871.16,0.05,74659.28
2024-10-28,Laptops,East,Corporate,43,1055.94,0.13,39502.72
2024-07-12,Desktops,North,Individual,38,1146.77,0.26,32247.17
2024-04-18,Monitors,South,Corporate,41,612.93,0.23,19350.2
2024-08-11,Monitors,East,Individual,10,1082.39,0.25,8117.93
2024-09-14,Accessories,North,Individual,10,742.66,0.17,6164.08
2024-02-12,Monitors,North,Individual,40,755.09,0.25,22652.7
2024-06-11,Accessories,North,Individual,47,241.73,0.26,8407.37
2024-11-19,Desktops,South,Corporate,35,2181.96,0.22,59567.51
2024-02-11,Accessories,East,Corporate,40,787.09,0.19,25501.72
2024-01-11,Monitors,South,Individual,33,2154.35,0.15,60429.52
2024-03-13,Monitors,South,Corporate,1,1120.03,0.06,1052.83
2024-04-01,Accessories,North,Corporate,30,526.93,0.07,14701.35
2024-05-07,Accessories,East,Corporate,34,870.5,0.09,26933.27
2024-06-07,Desktops,North,Corporate,34,108.75,0.07,3438.68
2024-02-18,Desktops,East,Corporate,27,2889.39,0.08,71772.45
2024-07-04,Laptops,North,Individual,34,2966.37,0.24,76651.0
2024-01-17,Accessories,West,Corporate,36,2029.63,0.18,59914.68
2024-01-23,Laptops,South,Corporate,47,188.02,0.01,8748.57
2024-10-06,Monitors,South,Individual,29,1247.78,0.04,34738.2
2024-02-11,Monitors,West,Individual,45,372.66,0.27,12241.88
2024-04-07,Accessories,West,Individual,50,2597.45,0.05,123378.87
2024-09-23,Monitors,North,Corporate,22,1509.24,0.17,27558.72
2024-09-29,Desktops,West,Individual,43,1804.02,0.04,74469.95
2024-02-29,Accessories,South,Corporate,5,165.66,0.1,745.47
2024-07-30,Accessories,East,Individual,47,760.45,0.24,27163.27
2024-10-31,Desktops,South,Corporate,19,2350.25,0.13,38849.63
2024-05-21,Desktops,North,Individual,20,1364.24,0.22,21282.14
2024-03-01,Desktops,West,Individual,27,2408.93,0.02,63740.29
2024-04-01,Desktops,North,Individual,22,2761.05,0.23,46772.19
2024-09-17,Laptops,South,Corporate,43,772.47,0.13,28898.1
2024-09-22,Desktops,West,Corporate,39,1140.94,0.18,36487.26
2024-02-22,Desktops,North,Corporate,1,1322.59,0.22,1031.62
2024-11-23,Desktops,West,Corporate,3,2658.58,0.29,5662.78
2024-02-16,Monitors,West,Individual,48,1022.87,0.1,44187.98
2024-11-10,Desktops,East,Individual,43,2320.38,0.12,87803.18
2024-01-17,Desktops,South,Individual,43,2778.31,0.1,107520.6
2024-10-22,Laptops,East,Corporate,34,1332.41,0.26,33523.44
2024-08-27,Laptops,North,Corporate,31,1015.24,0.25,23604.33
2024-11-29,Monitors,South,Corporate,8,1923.26,0.23,11847.28
2024-07-30,Laptops,North,Individual,1,2287.93,0.13,1990.5
2024-11-10,Monitors,West,Corporate,4,621.64,0.14,2138.44
2024-10-04,Accessories,North,Corporate,43,1605.39,0.27,50393.19
2024-01-29,Accessories,West,Corporate,50,2943.08,0.05,139796.3
2024-06-01,Desktops,South,Corporate,37,796.93,0.06,27717.23
2024-01-31,Laptops,East,Corporate,28,1101.78,0.15,26222.36
2024-10-15,Laptops,East,Individual,29,984.63,0.23,21986.79
2024-12-21,Desktops,North,Individual,39,2464.16,0.29,68232.59
2024-02-01,Laptops,North,Individual,12,352.27,0.13,3677.7
2024-09-13,Accessories,South,Corporate,9,1572.07,0.18,11601.88
2024-12-26,Desktops,East,Corporate,3,1392.7,0.06,3927.41
2024-04-30,Laptops,South,Corporate,7,752.23,0.04,5054.99
2024-03-19,Laptops,East,Corporate,45,2167.03,0.15,82888.9
2024-04-10,Laptops,East,Corporate,40,2973.91,0.03,115387.71
2024-08-10,Monitors,North,Individual,39,2637.76,0.28,74068.3
2024-05-20,Monitors,South,Individual,14,2608.19,0.11,32498.05
2024-12-23,Accessories,East,Corporate,40,1687.82,0.13,58736.14
2024-01-14,Desktops,South,Corporate,21,508.07,0.16,8962.35
2024-04-12,Accessories,North,Corporate,9,278.72,0.29,1781.02
2024-12-20,Accessories,North,Individual,6,993.21,0.17,4946.19
2024-03-02,Laptops,East,Individual,47,2526.68,0.14,102128.41
2024-05-27,Laptops,North,Corporate,7,1560.6,0.1,9831.78
2024-02-29,Accessories,South,Corporate,27,2564.85,0.13,60248.33
2024-01-24,Laptops,West,Corporate,49,1374.06,0.11,59922.76
2024-09-03,Laptops,West,Individual,37,1143.05,0.06,39755.28
2024-08-20,Monitors,West,Individual,20,2820.43,0.16,47383.22
2024-12-14,Laptops,West,Corporate,19,1066.21,0.06,19042.51
2024-11-29,Accessories,East,Corporate,2,1591.62,0.1,2864.92
2024-05-21,Accessories,South,Individual,44,1737.0,0.26,56556.72
2024-03-16,Monitors,South,Individual,32,1779.71,0.06,53533.68
2024-11-05,Monitors,South,Corporate,35,2771.3,0.0,96995.5
2024-05-16,Monitors,North,Corporate,22,228.14,0.11,4466.98
2024-11-19,Desktops,South,Individual,13,880.67,0.24,8701.02
2024-07-11,Monitors,East,Individual,16,1398.28,0.28,16108.19
2024-10-26,Laptops,East,Corporate,3,1743.07,0.2,4183.37
2024-12-27,Monitors,East,Individual,20,2415.23,0.14,41541.96
2024-09-01,Laptops,South,Individual,48,562.45,0.03,26187.67
2024-01-23,Desktops,North,Corporate,1,1561.96,0.29,1108.99
2024-09-22,Desktops,West,Corporate,35,1700.65,0.13,51784.79
2024-10-01,Laptops,South,Individual,15,2726.15,0.12,35985.18
2024-10-07,Monitors,West,Individual,45,563.94,0.2,20301.84
2024-02-18,Desktops,South,Individual,43,1348.73,0.13,50455.99
2024-03-02,Monitors,West,Individual,20,575.45,0.28,8286.48
2024-12-14,Laptops,East,Individual,41,1348.17,0.19,44772.73
2024-10-09,Laptops,South,Individual,36,1109.06,0.15,33937.24
2024-03-15,Desktops,West,Corporate,29,1073.09,0.27,22717.32
2024-11-02,Laptops,North,Corporate,39,1499.51,0.02,57311.27
2024-01-16,Laptops,East,Corporate,20,1354.34,0.04,26003.33
2024-02-19,Accessories,East,Individual,33,662.41,0.29,15520.27
2024-12-12,Desktops,East,Corporate,44,2794.76,0.11,109442.8
2024-09-01,Laptops,South,Individual,43,128.42,0.29,3920.66
2024-03-07,Monitors,South,Individual,17,373.83,0.13,5528.95
2024-08-23,Monitors,South,Corporate,19,1533.58,0.29,20687.99
2024-01-25,Monitors,South,Individual,34,544.75,0.15,15743.28
2024-03-11,Desktops,North,Corporate,29,260.71,0.12,6653.32
2024-12-31,Accessories,South,Individual,7,1425.01,0.09,9077.31
2024-06-19,Desktops,North,Corporate,13,1452.59,0.21,14918.1
2024-08-19,Laptops,North,Individual,31,1259.68,0.29,27725.56
2024-12-17,Desktops,South,Individual,44,1701.72,0.15,63644.33
2024-04-17,Laptops,East,Corporate,26,513.06,0.08,12272.4
2024-03-14,Accessories,West,Corporate,48,1634.36,0.29,55698.99
2024-11-11,Monitors,East,Corporate,14,2410.53,0.27,24635.62
2024-08-22,Laptops,North,Corporate,4,743.96,0.22,2321.16
2024-08-05,Accessories,East,Corporate,40,1353.79,0.24,41155.22
2024-08-03,Accessories,West,Individual,40,1277.26,0.18,41894.13
2024-01-08,Desktops,East,Corporate,33,2349.52,0.28,55824.6
2024-04-15,Monitors,East,Corporate,31,2245.67,0.18,57084.93
2024-09-01,Laptops,South,Individual,15,2971.67,0.29,31648.29
2024-05-20,Desktops,West,Individual,23,1545.59,0.21,28083.37
2024-10-29,Desktops,West,Corporate,45,1451.21,0.11,58120.96
2024-05-11,Accessories,North,Individual,35,285.46,0.13,8692.26
2024-05-04,Desktops,West,Corporate,27,2752.04,0.15,63159.32
2024-05-22,Laptops,West,Corporate,37,300.76,0.07,10349.15
2024-08-16,Desktops,South,Corporate,38,1757.15,0.23,51414.21
2024-03-02,Monitors,North,Corporate,2,875.76,0.02,1716.49
2024-08-07,Accessories,West,Corporate,48,1224.28,0.21,46424.7
2024-06-27,Monitors,West,Individual,29,675.82,0.06,18422.85
2024-06-06,Accessories,West,Corporate,28,1354.66,0.07,35275.35
2024-04-18,Laptops,East,Individual,7,1032.66,0.13,6288.9
2024-01-31,Accessories,East,Corporate,19,541.55,0.22,8025.77
2024-10-23,Accessories,South,Corporate,29,2955.67,0.28,61714.39
2024-07-29,Accessories,South,Individual,1,2420.26,0.01,2396.06
2024-10-12,Monitors,West,Individual,8,2075.34,0.25,12452.04
2024-03-15,Laptops,North,Corporate,30,1811.79,0.14,46744.18
2024-04-07,Accessories,North,Individual,37,1098.4,0.29,28854.97
2024-12-26,Accessories,West,Corporate,8,2938.97,0.19,19044.53
2024-07-21,Laptops,South,Corporate,35,2240.69,0.2,62739.32
2024-10-07,Monitors,North,Corporate,14,1412.33,0.16,16609.0
2024-08-11,Accessories,East,Corporate,11,2498.6,0.11,24461.29
2024-10-31,Accessories,West,Corporate,43,1527.95,0.05,62416.76
2024-05-06,Laptops,West,Individual,48,408.42,0.17,16271.45
2024-01-02,Laptops,East,Individual,4,2500.56,0.07,9302.08
2024-09-16,Accessories,West,Corporate,11,677.56,0.14,6409.72
2024-11-23,Monitors,North,Individual,36,1932.73,0.2,55662.62
2024-10-13,Accessories,South,Individual,46,1530.79,0.14,60558.05
2024-02-14,Monitors,East,Individual,40,449.87,0.13,15655.48
2024-03-16,Monitors,West,Individual,36,852.77,0.13,26708.76
2024-02-06,Desktops,North,Individual,7,2356.63,0.21,13032.16
2024-03-05,Monitors,West,Individual,30,2843.32,0.1,76769.64
2024-04-07,Accessories,East,Corporate,13,2787.38,0.05,34424.14
2024-09-06,Accessories,North,Corporate,4,597.0,0.02,2340.24
2024-01-06,Laptops,South,Individual,48,538.09,0.07,24020.34
2024-10-30,Monitors,East,Corporate,14,179.18,0.2,2006.82
2024-06-12,Accessories,East,Corporate,37,648.12,0.06,22541.61
2024-09-17,Laptops,North,Corporate,44,527.75,0.27,16951.33
2024-04-19,Laptops,South,Individual,29,1206.67,0.01,34643.5
2024-12-09,Desktops,South,Individual,43,2286.32,0.06,92413.05
2024-05-07,Laptops,South,Corporate,29,2247.89,0.3,45632.17
2024-03-11,Laptops,West,Corporate,39,2958.52,0.29,81921.42
2024-09-20,Laptops,North,Corporate,31,1743.13,0.18,44310.36
2024-04-04,Accessories,East,Corporate,42,1534.63,0.02,63165.37
2024-02-14,Accessories,North,Corporate,49,633.51,0.24,23591.91
2024-02-12,Monitors,South,Corporate,32,2924.0,0.15,79532.8
2024-04-07,Accessories,West,Individual,46,2253.5,0.2,82928.8
2024-03-14,Desktops,South,Corporate,31,2618.66,0.04,77931.32
2024-11-14,Accessories,South,Corporate,13,1158.08,0.15,12796.78
2024-06-16,Laptops,South,Individual,33,2296.53,0.13,65933.38
2024-09-20,Desktops,North,Individual,3,1005.04,0.17,2502.55
2024-04-23,Accessories,South,Individual,15,1308.83,0.18,16098.61
2024-05-12,Monitors,East,Individual,40,1454.01,0.08,53507.57
2024-04-28,Monitors,South,Corporate,3,1609.08,0.11,4296.24
2024-09-14,Laptops,South,Individual,34,1979.64,0.12,59230.83
2024-08-28,Accessories,South,Individual,3,2159.39,0.25,4858.63
2024-11-20,Accessories,North,Corporate,7,214.36,0.05,1425.49
2024-09-05,Accessories,East,Corporate,6,2959.67,0.27,12963.35
2024-04-15,Monitors,North,Individual,47,1318.42,0.07,57628.14
2024-03-31,Desktops,East,Corporate,30,2806.74,0.19,68203.78
2024-05-23,Desktops,East,Individual,42,1415.24,0.12,52307.27
2024-09-26,Accessories,East,Corporate,43,2380.24,0.19,82903.76
2024-10-19,Monitors,East,Individual,39,884.91,0.24,26228.73
2024-05-30,Desktops,West,Individual,37,1003.54,0.14,31932.64
2024-11-24,Accessories,East,Corporate,23,1111.3,0.09,23259.51
2024-09-25,Laptops,West,Individual,24,1765.22,0.3,29655.7
2024-09-01,Monitors,South,Corporate,45,584.49,0.02,25776.01
2024-06-06,Accessories,South,Individual,35,2311.78,0.24,61493.35
2024-02-11,Desktops,West,Individual,4,1944.47,0.21,6144.53
2024-05-12,Desktops,North,Individual,22,971.6,0.24,16245.15
2024-06-20,Accessories,West,Corporate,10,174.44,0.28,1255.97
2024-01-20,Monitors,North,Individual,43,433.82,0.09,16975.38
2024-09-14,Laptops,South,Individual,39,897.17,0.01,34639.73
2024-08-17,Monitors,West,Corporate,5,2609.27,0.21,10306.62
2024-09-22,Laptops,West,Corporate,5,1918.11,0.26,7097.01
2024-02-27,Monitors,West,Corporate,14,995.41,0.29,9894.38
2024-04-28,Accessories,West,Corporate,17,672.82,0.07,10637.28
2024-04-09,Accessories,East,Corporate,31,2388.18,0.21,58486.53
2024-10-05,Laptops,West,Corporate,46,1123.1,0.01,51145.97
2024-05-11,Desktops,West,Corporate,11,225.37,0.02,2429.49
2024-10-28,Laptops,East,Individual,17,847.46,0.03,13974.62
2024-07-30,Accessories,East,Individual,35,1577.23,0.27,40298.23
2024-10-01,Monitors,South,Corporate,17,1359.37,0.29,16407.6
2024-04-19,Laptops,West,Individual,17,2576.73,0.21,34605.48
2024-07-13,Monitors,North,Corporate,47,1064.74,0.19,40534.65
2024-09-01,Monitors,East,Individual,34,2246.89,0.29,54239.92
2024-12-28,Monitors,South,Individual,45,2535.15,0.19,92406.22
2024-11-01,Accessories,North,Corporate,3,2857.57,0.12,7543.98
2024-06-03,Monitors,North,Corporate,17,1661.43,0.14,24290.11
2024-10-27,Laptops,West,Corporate,4,2688.13,0.03,10429.94
2024-07-24,Accessories,North,Corporate,9,2159.96,0.14,16718.09
2024-06-08,Monitors,East,Corporate,46,616.57,0.15,24107.89
2024-01-19,Laptops,West,Corporate,22,2179.69,0.17,39801.14
2024-04-01,Desktops,North,Individual,1,2991.67,0.16,2513.0
2024-03-28,Desktops,East,Corporate,13,1189.71,0.28,11135.69
2024-02-12,Desktops,North,Corporate,10,2002.53,0.0,20025.3
2024-03-02,Laptops,West,Corporate,9,1436.07,0.14,11115.18
2024-11-16,Desktops,West,Corporate,15,1716.75,0.08,23691.15
2024-06-18,Desktops,North,Corporate,25,2857.17,0.28,51429.06
2024-04-02,Laptops,South,Individual,35,1620.64,0.04,54453.5
2024-09-22,Laptops,West,Individual,13,2255.05,0.3,20520.95
2024-02-13,Accessories,South,Individual,40,2487.87,0.15,84587.58
2024-03-04,Laptops,West,Individual,38,1191.46,0.05,43011.71
2024-01-25,Laptops,North,Individual,23,1392.55,0.19,25943.21
2024-08-11,Laptops,East,Corporate,14,580.99,0.1,7320.47
2024-05-24,Desktops,East,Individual,7,1110.15,0.06,7304.79
2024-08-16,Monitors,South,Individual,50,2866.56,0.17,118962.24
2024-03-28,Monitors,North,Individual,38,2582.15,0.09,89290.75
2024-09-12,Laptops,East,Individual,5,2531.27,0.07,11770.41
2024-07-27,Laptops,East,Individual,42,393.73,0.23,12733.23
2024-04-19,Laptops,West,Corporate,33,336.4,0.22,8658.94
2024-08-12,Desktops,North,Individual,22,653.02,0.01,14222.78
2024-10-30,Laptops,North,Corporate,38,234.54,0.21,7040.89
2024-09-30,Accessories,East,Individual,20,1552.24,0.16,26077.63
2024-11-03,Laptops,North,Corporate,15,1948.58,0.29,20752.38
2024-09-23,Accessories,East,Individual,33,2134.62,0.1,63398.21
2024-09-16,Desktops,West,Individual,32,297.04,0.19,7699.28
2024-04-01,Accessories,North,Individual,25,1615.08,0.16,33916.68
2024-02-04,Accessories,North,Individual,9,1984.24,0.1,16072.34
2024-05-01,Desktops,East,Corporate,27,712.03,0.28,13841.86
2024-08-29,Laptops,West,Corporate,41,2415.8,0.29,70323.94
2024-04-26,Desktops,South,Corporate,20,507.07,0.23,7808.88
2024-05-31,Accessories,North,Corporate,1,805.22,0.28,579.76
2024-11-21,Monitors,South,Individual,48,910.72,0.18,35845.94
2024-08-27,Desktops,South,Corporate,22,2464.78,0.27,39584.37
2024-06-04,Accessories,South,Corporate,26,459.02,0.27,8712.2
2024-08-16,Monitors,South,Individual,36,2970.8,0.12,94114.94
2024-07-10,Monitors,East,Corporate,39,2218.3,0.04,83053.15
2024-05-29,Laptops,West,Corporate,1,1735.94,0.08,1597.06
2024-04-01,Laptops,South,Corporate,30,2485.63,0.27,54435.3
2024-12-10,Monitors,East,Individual,2,1096.18,0.13,1907.35
2024-01-15,Accessories,North,Corporate,24,577.57,0.29,9841.79
2024-03-19,Laptops,East,Corporate,24,253.15,0.1,5468.04
2024-02-20,Laptops,East,Individual,5,1701.89,0.11,7573.41
2024-02-06,Laptops,East,Corporate,18,2638.37,0.26,35143.09
2024-04-12,Monitors,North,Individual,2,2223.26,0.06,4179.73
2024-12-22,Accessories,South,Corporate,21,1703.0,0.21,28252.77
2024-09-12,Monitors,North,Corporate,50,597.62,0.25,22410.75
2024-08-30,Accessories,West,Corporate,5,1423.42,0.16,5978.36
2024-04-22,Accessories,South,Individual,11,2974.56,0.11,29120.94
2024-03-20,Desktops,North,Corporate,47,2255.03,0.18,86908.86
2024-07-15,Laptops,North,Corporate,39,2530.24,0.26,73022.73
2024-05-10,Desktops,South,Individual,17,2304.65,0.22,30559.66
2024-10-21,Monitors,West,Individual,6,607.89,0.27,2662.56
2024-03-13,Laptops,West,Corporate,38,2201.92,0.27,61081.26
2024-06-02,Desktops,East,Individual,12,1400.35,0.11,14955.74
2024-10-17,Monitors,North,Individual,23,1870.43,0.02,42159.49
2024-12-19,Laptops,South,Individual,8,753.06,0.21,4759.34
2024-11-24,Desktops,West,Corporate,23,1499.32,0.25,25863.27
2024-03-16,Laptops,West,Corporate,19,2381.84,0.04,43444.76
2024-03-22,Laptops,East,Individual,2,1898.8,0.13,3303.91
2024-04-25,Monitors,South,Individual,23,2781.06,0.12,56288.65
2024-12-08,Desktops,South,Individual,13,2350.71,0.18,25058.57
2024-06-30,Accessories,North,Individual,15,266.3,0.1,3595.05
2024-04-29,Accessories,South,Individual,12,2775.61,0.09,30309.66
2024-01-22,Accessories,South,Individual,14,341.07,0.24,3628.98
2024-02-07,Laptops,West,Corporate,5,232.51,0.08,1069.55
2024-12-11,Laptops,North,Corporate,9,1424.91,0.11,11413.53
2024-03-18,Laptops,North,Individual,29,2153.24,0.1,56199.56
2024-02-15,Accessories,North,Corporate,17,2823.76,0.19,38883.18
2024-12-09,Accessories,East,Corporate,47,2037.07,0.08,88082.91
2024-03-30,Accessories,South,Individual,18,1388.96,0.12,22001.13
2024-09-01,Monitors,West,Corporate,29,619.26,0.25,13468.9
2024-08-25,Desktops,South,Corporate,9,1601.46,0.09,13115.96
2024-12-04,Laptops,East,Individual,35,1320.74,0.15,39292.02
2024-05-31,Monitors,East,Individual,13,937.71,0.18,9995.99
2024-04-19,Laptops,North,Corporate,44,2144.26,0.08,86799.64
2024-06-29,Laptops,South,Individual,3,2616.28,0.08,7220.93
2024-09-07,Desktops,South,Corporate,9,1890.42,0.22,13270.75
2024-09-14,Desktops,West,Individual,17,355.73,0.06,5684.57
2024-06-05,Laptops,North,Corporate,23,2384.78,0.02,53752.94
2024-08-30,Desktops,East,Individual,13,106.94,0.24,1056.57
2024-12-16,Desktops,East,Corporate,43,2526.67,0.18,89090.38
2024-10-09,Desktops,West,Corporate,42,2985.88,0.23,96563.36
2024-07-03,Laptops,East,Corporate,1,617.42,0.21,487.76
2024-10-08,Laptops,North,Corporate,20,2486.95,0.16,41780.76
2024-11-29,Accessories,South,Individual,39,593.51,0.26,17128.7
2024-02-25,Monitors,South,Individual,40,2191.53,0.13,76265.24
2024-03-29,Desktops,East,Individual,3,1468.99,0.24,3349.3
2024-12-18,Accessories,North,Individual,43,2643.21,0.02,111384.87
2024-07-01,Accessories,West,Corporate,31,264.96,0.1,7392.38
2024-06-11,Laptops,West,Corporate,46,734.52,0.13,29395.49
2024-05-02,Accessories,North,Corporate,12,291.6,0.0,3499.2
2024-10-25,Desktops,East,Corporate,44,1833.1,0.18,66138.25
2024-10-30,Accessories,North,Individual,34,1355.99,0.0,46103.66
2024-10-31,Desktops,West,Corporate,37,1522.31,0.02,55198.96
2024-09-02,Monitors,North,Corporate,42,1715.08,0.09,65550.36
2024-10-31,Desktops,West,Corporate,15,545.98,0.29,5814.69
2024-07-07,Accessories,North,Corporate,45,1777.11,0.21,63176.26
2024-07-29,Accessories,North,Individual,29,2101.47,0.29,43269.27
2024-10-29,Accessories,East,Individual,33,2916.67,0.22,75075.09
2024-12-12,Monitors,West,Individual,48,260.93,0.23,9643.97
2024-11-02,Desktops,East,Individual,42,2128.36,0.05,84921.56
2024-09-24,Monitors,West,Corporate,48,2448.71,0.23,90504.32
2024-10-29,Laptops,South,Individual,26,1523.49,0.25,29708.06
2024-10-18,Laptops,South,Corporate,37,2706.97,0.0,100157.89
2024-06-14,Laptops,West,Individual,42,2368.23,0.18,81561.84
2024-10-23,Desktops,South,Individual,16,2724.25,0.24,33126.88
2024-02-05,Monitors,North,Corporate,19,2934.48,0.26,41258.79
2024-12-08,Monitors,West,Individual,45,1387.78,0.02,61201.1
2024-02-26,Laptops,East,Corporate,20,1309.2,0.23,20161.68
2024-08-20,Monitors,North,Corporate,18,181.75,0.27,2388.2
2024-04-12,Monitors,South,Individual,22,2021.77,0.28,32024.84
2024-07-22,Monitors,West,Individual,41,135.27,0.08,5102.38
2024-04-12,Laptops,East,Individual,47,1428.46,0.04,64452.12
2024-12-05,Monitors,East,Individual,49,2423.07,0.15,100920.87
2024-09-12,Laptops,North,Corporate,6,1638.83,0.29,6981.42
2024-09-15,Accessories,North,Individual,39,222.79,0.28,6255.94
2024-11-29,Laptops,South,Corporate,8,1118.13,0.13,7782.18
2024-02-11,Accessories,South,Individual,11,1614.61,0.16,14919.0
2024-04-03,Laptops,West,Individual,32,1136.41,0.23,28001.14
2024-07-09,Laptops,West,Individual,16,822.29,0.25,9867.48
2024-11-17,Monitors,East,Corporate,11,2171.7,0.05,22694.26
2024-08-13,Monitors,North,Individual,45,1927.14,0.07,80650.81
2024-08-12,Monitors,East,Individual,6,894.78,0.02,5261.31
2024-10-26,Monitors,North,Corporate,39,1805.46,0.03,68300.55
2024-11-01,Accessories,West,Corporate,18,578.31,0.11,9264.53
2024-07-02,Laptops,South,Individual,33,149.83,0.01,4894.95
2024-02-20,Laptops,South,Corporate,13,1310.02,0.26,12602.39
2024-10-11,Desktops,West,Individual,29,1969.41,0.11,50830.47
2024-12-17,Monitors,West,Individual,8,2783.07,0.15,18924.88
2024-02-01,Desktops,North,Corporate,34,1020.03,0.3,24276.71
2024-07-06,Laptops,South,Individual,21,2649.93,0.29,39510.46
2024-10-22,Laptops,South,Corporate,38,1234.46,0.19,37996.68
2024-08-04,Desktops,East,Corporate,47,960.97,0.11,40197.38
2024-11-26,Monitors,East,Individual,17,1566.62,0.02,26099.89
2024-12-29,Laptops,West,Corporate,23,1520.58,0.11,31126.27
2024-05-28,Laptops,East,Individual,39,2405.99,0.14,80696.9
2024-03-14,Monitors,South,Corporate,30,528.38,0.07,14741.8
2024-12-22,Desktops,South,Individual,44,1606.67,0.19,57261.72
2024-11-06,Laptops,South,Corporate,46,1541.61,0.09,64531.79
2024-08-17,Monitors,West,Individual,32,467.01,0.3,10461.02
2024-04-03,Laptops,South,Individual,50,2134.37,0.27,77904.5
2024-09-20,Desktops,North,Corporate,25,2574.28,0.28,46337.04
2024-09-17,Desktops,North,Individual,27,1286.01,0.22,27083.37
2024-12-31,Accessories,South,Individual,25,616.63,0.05,14644.96
2024-09-18,Accessories,East,Corporate,4,884.02,0.16,2970.31
2024-04-12,Monitors,South,Corporate,31,108.77,0.23,2596.34
2024-11-25,Monitors,South,Individual,41,1415.49,0.03,56294.04
2024-04-11,Monitors,East,Individual,7,1733.07,0.0,12131.49
2024-06-30,Laptops,North,Individual,42,1454.38,0.0,61083.96
2024-06-03,Monitors,South,Individual,4,2399.6,0.02,9406.43
2024-03-24,Monitors,North,Corporate,44,1644.24,0.11,64388.44
2024-02-17,Desktops,South,Individual,32,1841.25,0.05,55974.0
2024-12-26,Monitors,North,Corporate,36,2788.12,0.26,74275.52
2024-11-15,Desktops,West,Individual,34,172.07,0.12,5148.33
2024-04-16,Monitors,West,Corporate,11,972.36,0.12,9412.44
2024-09-04,Accessories,East,Individual,42,2700.16,0.12,99797.91
2024-10-26,Laptops,East,Corporate,26,2632.16,0.0,68436.16
2024-05-15,Desktops,East,Individual,3,1162.85,0.01,3453.66
2024-01-16,Desktops,West,Individual,8,899.19,0.29,5107.4
2024-09-06,Laptops,North,Individual,31,1699.78,0.03,51112.38
2024-06-13,Monitors,North,Corporate,33,1243.18,0.2,32819.95
2024-01-05,Laptops,West,Corporate,46,1864.05,0.13,74599.28
2024-08-10,Accessories,South,Individual,18,190.86,0.3,2404.84
2024-04-05,Laptops,West,Corporate,47,622.7,0.21,23120.85
2024-02-04,Accessories,East,Corporate,31,2984.1,0.01,91582.03
2024-06-13,Monitors,South,Individual,10,148.54,0.14,1277.44
2024-03-05,Monitors,North,Individual,37,1359.59,0.01,49801.78
2024-04-19,Desktops,West,Corporate,40,859.15,0.08,31616.72
2024-06-12,Accessories,South,Individual,44,505.13,0.25,16669.29
2024-01-18,Accessories,West,Individual,36,2741.22,0.04,94736.56
2024-12-20,Laptops,South,Corporate,14,2606.72,0.28,26275.74
2024-12-29,Accessories,North,Individual,2,2034.6,0.17,3377.44
2024-07-22,Laptops,East,Corporate,36,413.33,0.14,12796.7
2024-12-10,Monitors,West,Corporate,22,1787.54,0.09,35786.55
2024-08-25,Monitors,North,Corporate,29,2610.21,0.19,61313.83
2024-05-23,Laptops,East,Individual,2,2166.27,0.1,3899.29
2024-05-29,Monitors,North,Individual,7,416.6,0.21,2303.8
2024-05-04,Desktops,South,Individual,19,1847.28,0.2,28078.66
2024-07-05,Laptops,North,Individual,37,2978.02,0.11,98066.2
2024-06-26,Monitors,South,Individual,18,2589.1,0.29,33088.7
2024-08-09,Monitors,East,Corporate,39,2961.17,0.2,92388.5
2024-08-08,Desktops,South,Individual,40,215.08,0.16,7226.69
2024-06-03,Desktops,South,Individual,20,2228.16,0.2,35650.56
2024-05-21,Accessories,East,Individual,2,210.63,0.03,408.62
2024-03-27,Accessories,East,Corporate,45,2733.14,0.2,98393.04
2024-01-08,Laptops,East,Corporate,4,1091.8,0.22,3406.42
2024-09-17,Desktops,South,Individual,33,555.88,0.23,14124.91
2024-08-17,Desktops,East,Individual,23,1786.11,0.28,29577.98
2024-03-23,Accessories,West,Corporate,19,824.66,0.3,10967.98
2024-09-07,Laptops,South,Individual,50,1583.76,0.14,68101.68
2024-12-21,Desktops,North,Individual,44,2848.12,0.23,96494.31
2024-05-04,Desktops,North,Corporate,31,1093.67,0.28,24410.71
2024-05-03,Laptops,West,Individual,25,1825.46,0.25,34227.38
2024-01-26,Monitors,South,Individual,24,850.63,0.15,17352.85
2024-02-29,Desktops,South,Corporate,42,2405.04,0.01,100001.56
2024-09-10,Monitors,East,Individual,45,1644.98,0.18,60699.76
2024-08-29,Accessories,South,Corporate,11,1296.06,0.12,12545.86
2024-09-19,Monitors,South,Individual,37,2992.75,0.29,78619.54
2024-09-12,Monitors,South,Corporate,35,2159.52,0.23,58199.06
2024-01-11,Monitors,South,Corporate,23,882.06,0.25,15215.53
2024-11-17,Monitors,South,Individual,6,2373.22,0.2,11391.46
2024-05-07,Accessories,West,Corporate,36,938.66,0.16,28385.08
2024-04-16,Laptops,East,Individual,30,1569.82,0.01,46623.65
2024-03-15,Monitors,West,Corporate,20,743.94,0.28,10712.74
2024-07-23,Accessories,East,Individual,50,2394.34,0.06,112533.98
2024-05-05,Accessories,West,Individual,12,1608.95,0.29,13708.25
2024-06-15,Desktops,West,Individual,33,1778.28,0.22,45772.93
2024-05-21,Accessories,South,Corporate,38,1108.47,0.07,39173.33
2024-07-16,Laptops,West,Individual,22,1658.96,0.03,35402.21
2024-11-24,Laptops,South,Corporate,42,2099.16,0.03,85519.78
2024-07-23,Desktops,East,Corporate,6,2762.67,0.18,13592.34
2024-10-28,Laptops,West,Individual,6,881.24,0.09,4811.57
2024-11-22,Monitors,North,Individual,39,2406.43,0.24,71326.59
2024-08-02,Desktops,South,Individual,27,828.86,0.05,21260.26
2024-12-03,Laptops,East,Individual,15,726.07,0.19,8821.75
2024-05-19,Accessories,South,Individual,38,2813.99,0.0,106931.62
2024-07-31,Laptops,North,Corporate,31,1311.62,0.01,40253.62
2024-03-02,Desktops,West,Corporate,25,2549.39,0.27,46526.37
2024-09-16,Monitors,North,Corporate,4,773.66,0.06,2908.96
2024-08-23,Desktops,East,Individual,36,2218.3,0.01,79060.21
2024-09-11,Laptops,North,Corporate,9,1747.21,0.07,14624.15
2024-09-25,Laptops,North,Individual,26,2663.77,0.03,67180.28
2024-10-13,Monitors,East,Individual,7,1216.71,0.24,6472.9
2024-10-07,Accessories,North,Individual,40,1707.7,0.05,64892.6
2024-06-12,Accessories,North,Corporate,49,2627.46,0.21,101708.98
2024-03-08,Monitors,South,Individual,20,110.83,0.02,2172.27
2024-03-09,Accessories,South,Corporate,10,2593.06,0.05,24634.07
2024-01-17,Monitors,East,Individual,25,1117.6,0.11,24866.6
2024-08-29,Desktops,South,Individual,44,450.74,0.15,16857.68
2024-04-02,Accessories,North,Corporate,38,2491.47,0.18,77634.21
2024-08-10,Desktops,North,Corporate,45,587.18,0.02,25894.64
2024-04-23,Monitors,North,Individual,15,1608.14,0.25,18091.58
2024-01-31,Desktops,East,Corporate,38,293.96,0.09,10165.14
2024-07-21,Laptops,South,Corporate,19,2176.96,0.19,33503.41
2024-01-02,Accessories,South,Corporate,45,2532.44,0.1,102563.82
2024-01-29,Desktops,East,Corporate,6,1786.95,0.24,8148.49
2024-02-13,Laptops,North,Individual,24,2100.53,0.24,38313.67
2024-11-07,Desktops,West,Corporate,16,2442.85,0.24,29705.06
2024-10-09,Monitors,East,Individual,12,386.29,0.26,3430.26
2024-05-21,Laptops,North,Corporate,2,1127.06,0.26,1668.05
2024-02-19,Laptops,South,Corporate,38,653.01,0.28,17866.35
2024-07-31,Accessories,North,Individual,18,2978.32,0.17,44496.1
2024-11-11,Accessories,East,Individual,33,2219.97,0.16,61537.57
2024-01-24,Laptops,West,Individual,38,312.83,0.2,9510.03
2024-10-06,Monitors,South,Individual,3,1615.86,0.27,3538.73
2024-03-14,Desktops,North,Corporate,19,1896.17,0.04,34586.14
2024-07-09,Laptops,East,Corporate,4,1113.09,0.27,3250.22
2024-11-17,Monitors,North,Individual,46,524.15,0.17,20012.05
2024-08-27,Monitors,North,Corporate,22,2277.92,0.2,40091.39
2024-06-12,Accessories,North,Corporate,26,861.55,0.25,16800.22
2024-10-28,Desktops,North,Individual,3,1919.68,0.17,4780.0
2024-06-19,Monitors,North,Corporate,24,1729.65,0.01,41096.48
2024-06-10,Monitors,South,Individual,38,1749.35,0.19,53844.99
2024-03-03,Accessories,North,Corporate,7,1754.12,0.17,10191.44
2024-07-26,Accessories,East,Individual,7,2246.17,0.14,13521.94
2024-05-28,Laptops,West,Corporate,4,1194.16,0.18,3916.84
2024-06-26,Accessories,East,Individual,33,2210.36,0.13,63459.44
2024-01-20,Laptops,South,Individual,49,2597.54,0.14,109460.34
2024-11-04,Laptops,East,Corporate,34,1047.94,0.0,35629.96
2024-09-27,Desktops,North,Individual,5,1727.65,0.1,7774.42
2024-07-04,Desktops,North,Individual,36,2045.78,0.28,53026.62
2024-07-14,Accessories,North,Individual,8,2882.72,0.2,18449.41
2024-08-24,Accessories,East,Corporate,40,1446.31,0.11,51488.64
2024-04-23,Accessories,North,Corporate,18,1323.5,0.26,17629.02
2024-11-08,Desktops,West,Corporate,8,1972.25,0.13,13726.86
2024-02-15,Desktops,North,Corporate,17,2401.66,0.02,40011.66
2024-11-28,Monitors,East,Corporate,16,2683.01,0.12,37776.78
2024-09-12,Desktops,West,Corporate,17,393.44,0.22,5217.01
2024-08-17,Desktops,East,Corporate,48,1546.8,0.01,73503.94
2024-08-19,Accessories,East,Individual,14,1525.26,0.19,17296.45
2024-10-09,Desktops,South,Individual,5,550.72,0.05,2615.92
2024-10-28,Accessories,North,Corporate,7,1136.95,0.1,7162.79
2024-01-24,Accessories,South,Corporate,22,2064.52,0.16,38152.33
2024-09-03,Desktops,East,Individual,35,1823.9,0.23,49154.1
2024-05-31,Monitors,North,Corporate,45,278.84,0.08,11543.98
2024-05-13,Desktops,West,Individual,23,2445.53,0.27,41060.45
2024-01-19,Laptops,West,Corporate,2,976.62,0.23,1503.99
2024-09-28,Accessories,South,Corporate,22,1633.76,0.18,29473.03
2024-10-13,Accessories,East,Corporate,38,2316.3,0.28,63373.97
2024-02-03,Accessories,East,Corporate,28,2955.88,0.09,75315.82
2024-07-19,Laptops,South,Individual,33,579.18,0.13,16628.26
2024-10-30,Laptops,North,Corporate,9,946.5,0.02,8348.13
2024-07-17,Desktops,North,Individual,25,426.27,0.3,7459.72
2024-04-23,Monitors,East,Corporate,47,1509.35,0.21,56042.17
2024-03-21,Monitors,North,Individual,36,2128.3,0.17,63593.6
2024-09-08,Laptops,North,Individual,28,2547.84,0.21,56358.22
2024-02-02,Monitors,North,Individual,1,1644.78,0.19,1332.27
2024-02-04,Laptops,West,Corporate,1,531.14,0.28,382.42
2024-10-30,Desktops,North,Corporate,31,2349.97,0.24,55365.29
2024-07-29,Monitors,East,Corporate,24,1154.21,0.09,25207.95
2024-10-09,Laptops,West,Individual,39,1841.26,0.28,51702.58
2024-03-20,Accessories,North,Individual,20,765.73,0.06,14395.72
2024-08-12,Accessories,West,Corporate,29,1030.74,0.24,22717.51
2024-08-22,Monitors,East,Individual,4,2237.48,0.27,6533.44
2024-10-11,Desktops,South,Corporate,35,860.43,0.28,21682.84
2024-07-22,Accessories,North,Individual,31,1571.58,0.08,44821.46
2024-08-21,Accessories,North,Corporate,46,2249.39,0.1,93124.75
2024-07-17,Laptops,North,Corporate,28,1748.28,0.12,43077.62
2024-11-08,Accessories,South,Individual,12,1553.57,0.06,17524.27
2024-11-18,Desktops,East,Individual,25,2072.9,0.19,41976.23
2024-01-28,Laptops,North,Corporate,36,1395.24,0.21,39680.63
2024-11-29,Monitors,North,Individual,17,1341.69,0.2,18246.98
2024-11-02,Accessories,East,Corporate,9,1789.6,0.18,13207.25
2024-06-18,Accessories,North,Individual,38,589.57,0.07,20835.4
2024-12-09,Desktops,West,Individual,29,1670.0,0.28,34869.6
2024-08-15,Desktops,South,Corporate,12,2112.04,0.15,21542.81
2024-07-29,Accessories,South,Corporate,3,513.1,0.26,1139.08
2024-12-23,Desktops,West,Corporate,3,2941.32,0.16,7412.13
2024-05-25,Laptops,North,Individual,34,391.31,0.23,10244.5
2024-10-07,Desktops,West,Corporate,27,2500.12,0.28,48602.33
2024-08-29,Monitors,West,Corporate,18,1368.75,0.23,18970.88
2024-05-24,Accessories,North,Individual,6,1922.93,0.05,10960.7
2024-03-02,Laptops,West,Corporate,21,1372.56,0.01,28535.52
2024-08-13,Accessories,West,Corporate,41,471.84,0.02,18958.53
2024-05-04,Desktops,North,Corporate,6,2598.75,0.13,13565.48
2024-12-18,Desktops,South,Corporate,32,1836.93,0.12,51727.95
2024-02-19,Laptops,South,Individual,43,2603.44,0.27,81721.98
2024-01-03,Desktops,East,Corporate,30,1182.52,0.14,30509.02
2024-05-09,Monitors,West,Individual,5,2066.0,0.15,8780.5
2024-05-12,Accessories,West,Corporate,19,2207.41,0.05,39843.75
2024-01-20,Desktops,North,Individual,15,2826.85,0.25,31802.06
2024-06-26,Monitors,South,Individual,23,1594.68,0.27,26774.68
2024-03-17,Accessories,North,Individual,46,1878.2,0.22,67389.82
2024-11-25,Desktops,North,Corporate,48,606.68,0.15,24752.54
2024-04-25,Laptops,East,Individual,8,2210.16,0.12,15559.53
2024-08-20,Laptops,South,Corporate,19,792.75,0.23,11597.93
2024-09-05,Accessories,North,Individual,44,916.04,0.15,34259.9
2024-07-31,Desktops,West,Corporate,29,1163.36,0.0,33737.44
2024-03-10,Laptops,East,Individual,2,451.99,0.1,813.58
2024-04-15,Desktops,East,Corporate,10,1994.94,0.06,18752.44
2024-10-25,Laptops,East,Corporate,2,2635.3,0.27,3847.54
2024-04-29,Laptops,East,Corporate,8,1636.0,0.14,11255.68
2024-11-30,Desktops,North,Individual,37,729.47,0.2,21592.31
2024-07-16,Desktops,South,Corporate,15,2259.87,0.08,31186.21
2024-03-03,Monitors,East,Corporate,21,2140.84,0.03,43608.91
2024-06-12,Accessories,South,Individual,23,112.44,0.2,2068.9
2024-01-21,Laptops,South,Individual,8,2540.58,0.19,16462.96
2024-05-13,Desktops,East,Individual,21,645.23,0.11,12059.35
2024-01-06,Desktops,West,Corporate,37,2744.12,0.06,95440.49
2024-09-30,Monitors,South,Individual,42,1633.02,0.14,58984.68
2024-11-04,Monitors,North,Corporate,49,1038.19,0.06,47819.03
2024-11-26,Laptops,West,Corporate,26,2151.23,0.1,50338.78
2024-03-21,Laptops,West,Individual,11,2933.64,0.28,23234.43
2024-11-23,Accessories,North,Corporate,41,360.17,0.02,14471.63
2024-06-02,Desktops,West,Corporate,39,454.84,0.05,16851.82
2024-09-04,Accessories,West,Individual,19,1475.17,0.22,21862.02
2024-01-18,Monitors,West,Individual,40,1840.55,0.09,66996.02
2024-09-29,Desktops,West,Corporate,16,472.09,0.27,5514.01
2024-04-23,Accessories,South,Individual,48,2893.42,0.05,131939.95
2024-06-20,Accessories,North,Individual,42,2102.48,0.16,74175.49
2024-12-11,Monitors,West,Individual,37,1438.65,0.2,42584.04
2024-01-22,Desktops,North,Corporate,41,2514.85,0.16,86611.43
2024-04-17,Monitors,East,Individual,48,950.62,0.01,45173.46
2024-06-13,Desktops,North,Corporate,35,2733.27,0.26,70791.69
2024-05-23,Laptops,East,Individual,43,649.53,0.12,24578.22
2024-08-26,Laptops,East,Individual,43,1740.9,0.27,54646.85
2024-02-12,Laptops,West,Individual,35,349.66,0.08,11259.05
2024-01-01,Accessories,West,Individual,50,2209.08,0.07,102722.22
2024-08-17,Monitors,West,Individual,9,1819.44,0.15,13918.72
2024-02-12,Desktops,West,Corporate,35,328.63,0.19,9316.66
2024-01-10,Laptops,South,Individual,30,2463.55,0.13,64298.66
2024-12-08,Accessories,North,Corporate,4,2914.89,0.11,10377.01
2024-01-16,Monitors,West,Corporate,43,295.43,0.09,11560.18
2024-06-04,Desktops,East,Corporate,30,841.38,0.13,21960.02
2024-08-25,Monitors,West,Individual,3,902.71,0.22,2112.34
2024-10-29,Laptops,South,Corporate,47,1518.4,0.08,65655.62
2024-05-01,Accessories,North,Corporate,22,969.36,0.07,19833.11
2024-11-07,Laptops,West,Corporate,47,594.89,0.04,26841.44
2024-05-26,Laptops,West,Individual,43,2184.11,0.18,77011.72
2024-10-25,Monitors,East,Individual,26,2374.33,0.09,56176.65
2024-07-21,Monitors,West,Corporate,47,2201.82,0.14,88997.56
2024-04-27,Laptops,West,Individual,7,2174.22,0.07,14154.17
2024-07-28,Accessories,North,Corporate,33,2792.7,0.13,80178.42
2024-10-07,Desktops,West,Individual,36,853.96,0.04,29512.86
2024-09-15,Desktops,West,Individual,13,2750.34,0.04,34324.24
2024-03-23,Laptops,East,Individual,8,2146.42,0.24,13050.23
2024-02-20,Laptops,East,Corporate,44,2050.8,0.23,69481.1
2024-06-06,Accessories,North,Individual,44,2087.6,0.11,81750.42
2024-02-13,Desktops,South,Individual,25,1118.16,0.09,25438.14
2024-10-19,Monitors,West,Individual,41,2261.83,0.0,92735.03
2024-11-25,Monitors,North,Individual,40,718.74,0.24,21849.7
2024-02-20,Laptops,West,Corporate,15,2877.81,0.18,35397.06
2024-03-01,Monitors,West,Corporate,46,2929.96,0.17,111865.87
2024-05-26,Desktops,North,Individual,37,939.86,0.14,29906.35
2024-06-21,Monitors,South,Corporate,17,1771.65,0.28,21685.0
2024-10-13,Accessories,South,Corporate,43,440.94,0.11,16874.77
2024-05-29,Monitors,West,Corporate,22,1824.46,0.14,34518.78
2024-08-25,Monitors,East,Individual,21,256.26,0.2,4305.17
2024-04-10,Accessories,North,Individual,40,1194.91,0.26,35369.34
2024-03-31,Accessories,West,Corporate,8,2683.19,0.21,16957.76
2024-12-11,Monitors,East,Corporate,9,2214.65,0.28,14350.93
2024-12-14,Accessories,East,Corporate,4,447.82,0.21,1415.11
2024-01-10,Desktops,East,Corporate,4,617.48,0.09,2247.63
2024-02-03,Desktops,East,Corporate,48,764.06,0.21,28973.16
2024-05-24,Accessories,South,Individual,32,2142.84,0.02,67199.46
2024-02-01,Desktops,South,Corporate,26,927.66,0.16,20260.09
2024-05-06,Monitors,South,Individual,15,2055.55,0.27,22508.27
2024-05-21,Monitors,South,Corporate,36,2079.36,0.17,62131.28
2024-10-06,Monitors,North,Corporate,1,1214.59,0.01,1202.44
2024-07-17,Accessories,South,Individual,2,2759.98,0.27,4029.57
2024-12-01,Desktops,East,Corporate,39,273.27,0.26,7886.57
2024-08-13,Desktops,South,Individual,33,2270.76,0.11,66692.22
2024-02-08,Accessories,South,Corporate,9,187.27,0.01,1668.58
2024-05-21,Monitors,East,Individual,14,1606.82,0.28,16196.75
2024-03-15,Laptops,North,Individual,12,2887.59,0.18,28413.89
2024-03-03,Laptops,East,Individual,15,2659.11,0.05,37892.32
2024-07-31,Monitors,West,Corporate,13,1212.4,0.17,13081.8
2024-12-12,Desktops,South,Individual,17,1230.53,0.03,20291.44
2024-11-28,Accessories,South,Individual,9,1606.01,0.2,11563.27
2024-11-05,Monitors,East,Corporate,27,2124.26,0.08,52766.62
2024-10-04,Monitors,South,Corporate,5,384.24,0.12,1690.66
2024-01-05,Laptops,South,Corporate,21,1103.62,0.08,21321.94
2024-09-12,Laptops,South,Individual,3,316.58,0.12,835.77
2024-05-22,Monitors,West,Individual,40,324.39,0.27,9472.19
2024-04-24,Desktops,West,Corporate,24,218.72,0.27,3831.97
2024-01-14,Desktops,East,Individual,6,251.16,0.1,1356.26
2024-11-22,Monitors,North,Corporate,21,661.63,0.1,12504.81
2024-03-11,Laptops,South,Corporate,49,860.24,0.06,39622.65
2024-03-11,Desktops,East,Corporate,26,2129.88,0.15,47070.35
2024-04-29,Accessories,North,Individual,33,1638.29,0.07,50279.12
2024-03-04,Monitors,East,Corporate,2,2070.65,0.28,2981.74
2024-06-01,Laptops,North,Corporate,39,1675.63,0.03,63389.08
2024-08-31,Accessories,South,Corporate,36,1172.54,0.15,35879.72
2024-04-20,Desktops,West,Individual,29,1025.13,0.22,23188.44
2024-05-04,Laptops,South,Corporate,9,1201.74,0.09,9842.25
2024-06-18,Monitors,South,Corporate,32,1147.52,0.05,34884.61
2024-12-10,Desktops,East,Corporate,29,1595.36,0.29,32848.46
2024-01-03,Desktops,South,Corporate,7,1261.22,0.04,8475.4
2024-07-27,Desktops,East,Individual,41,1668.01,0.27,49923.54
2024-10-13,Desktops,North,Individual,26,2348.74,0.09,55571.19
2024-09-11,Desktops,South,Corporate,27,2714.99,0.26,54245.5
2024-10-14,Laptops,North,Individual,8,2687.88,0.02,21072.98
2024-08-30,Desktops,South,Individual,3,292.96,0.13,764.63
2024-11-17,Accessories,West,Corporate,32,1922.13,0.25,46131.12
2024-08-07,Monitors,South,Individual,18,986.17,0.02,17396.04
2024-07-14,Desktops,East,Individual,26,966.12,0.16,21100.06
2024-07-22,Monitors,North,Individual,24,548.08,0.13,11443.91
2024-12-29,Accessories,North,Corporate,12,532.76,0.28,4603.05
2024-12-29,Laptops,South,Individual,47,2515.7,0.09,107596.49
2024-02-14,Monitors,North,Corporate,37,1028.64,0.12,33492.52
2024-03-09,Desktops,North,Individual,10,1671.47,0.13,14541.79
2024-06-27,Desktops,South,Corporate,21,514.47,0.08,9939.56
2024-06-26,Monitors,North,Corporate,20,2808.82,0.26,41570.54
2024-04-03,Accessories,North,Corporate,11,1575.06,0.25,12994.24
2024-05-24,Monitors,North,Individual,47,797.52,0.2,29986.75
2024-02-08,Desktops,West,Individual,8,1946.59,0.27,11368.09
2024-01-17,Laptops,East,Corporate,37,2042.85,0.16,63491.78
2024-08-02,Monitors,South,Individual,39,2409.04,0.0,93952.56
2024-07-11,Monitors,West,Corporate,36,117.71,0.26,3135.79
2024-09-27,Monitors,West,Corporate,26,101.9,0.04,2543.42
2024-03-14,Accessories,North,Corporate,32,2700.66,0.1,77779.01
2024-08-27,Laptops,East,Corporate,24,2013.47,0.15,41074.79
2024-03-12,Accessories,East,Corporate,2,417.26,0.22,650.93
2024-11-16,Desktops,West,Corporate,29,521.76,0.07,14071.87
2024-09-30,Accessories,West,Corporate,17,911.37,0.02,15183.42
2024-06-05,Laptops,North,Individual,4,676.99,0.18,2220.53
2024-04-30,Desktops,East,Corporate,36,2702.84,0.09,88545.04
2024-11-08,Laptops,North,Individual,31,2585.96,0.01,79363.11
2024-08-27,Desktops,West,Corporate,46,2660.52,0.19,99130.98
2024-03-23,Monitors,West,Individual,25,2461.86,0.11,54776.38
2024-12-20,Desktops,North,Individual,19,1574.39,0.09,27221.2
2024-05-12,Desktops,East,Corporate,26,1548.4,0.09,36635.14
2024-08-24,Desktops,North,Individual,21,759.76,0.19,12923.52
2024-02-21,Laptops,West,Individual,50,2677.59,0.09,121830.34
2024-03-21,Desktops,East,Individual,11,2397.65,0.3,18461.9
2024-08-18,Desktops,South,Individual,31,1002.86,0.18,25492.7
2024-03-11,Desktops,East,Corporate,19,147.77,0.3,1965.34
2024-05-18,Accessories,East,Individual,15,1629.98,0.18,20048.75
2024-10-16,Desktops,South,Individual,16,2000.26,0.26,23683.08
2024-02-24,Accessories,West,Individual,43,2819.65,0.16,101845.76
2024-01-17,Monitors,East,Corporate,18,2393.27,0.3,30155.2
2024-11-22,Monitors,North,Individual,17,202.64,0.23,2652.56
2024-09-06,Accessories,South,Individual,47,1467.1,0.26,51025.74
2024-09-14,Laptops,East,Individual,36,2038.89,0.07,68262.04
2024-07-20,Monitors,South,Individual,36,852.53,0.12,27008.15
2024-09-05,Monitors,West,Corporate,26,2559.97,0.28,47922.64
2024-03-22,Laptops,East,Corporate,12,2083.44,0.28,18000.92
2024-03-19,Accessories,West,Individual,23,2972.1,0.27,49901.56
2024-07-15,Accessories,North,Individual,48,2564.16,0.22,96002.15
2024-09-12,Accessories,East,Corporate,11,220.74,0.17,2015.36
2024-07-23,Desktops,East,Corporate,38,1981.99,0.3,52720.93
2024-05-01,Desktops,East,Corporate,11,2992.99,0.05,31276.75
2024-06-29,Laptops,South,Corporate,40,834.58,0.29,23702.07
2024-07-01,Monitors,North,Individual,38,2928.07,0.29,78999.33
2024-02-16,Desktops,North,Corporate,38,2922.86,0.11,98851.13
2024-09-21,Monitors,South,Corporate,31,2151.92,0.07,62039.85
2024-06-15,Desktops,East,Individual,25,115.13,0.08,2647.99
2024-12-15,Desktops,South,Individual,39,2702.66,0.05,100133.55
2024-09-10,Monitors,East,Corporate,47,1238.56,0.05,55301.7
2024-10-29,Desktops,South,Corporate,11,2736.09,0.26,22271.77
2024-10-04,Desktops,East,Corporate,7,2191.71,0.01,15188.55
2024-10-21,Monitors,South,Individual,14,2031.41,0.22,22183.0
2024-05-30,Accessories,South,Individual,17,1539.05,0.18,21454.36
2024-09-21,Desktops,West,Individual,23,2233.54,0.14,44179.42
2024-10-23,Laptops,West,Corporate,24,1812.23,0.06,40883.91
2024-07-06,Monitors,West,Individual,14,2072.27,0.1,26110.6
2024-01-20,Monitors,South,Corporate,44,742.84,0.06,30723.86
2024-10-28,Laptops,West,Corporate,8,2647.0,0.02,20752.48
2024-11-09,Accessories,West,Individual,36,924.36,0.0,33276.96
2024-04-05,Accessories,North,Individual,3,978.34,0.21,2318.67
2024-06-12,Accessories,South,Individual,19,2463.62,0.13,40723.64
2024-06-06,Monitors,South,Corporate,48,1426.54,0.29,48616.48
2024-08-29,Laptops,East,Corporate,26,2173.96,0.3,39566.07
2024-05-25,Laptops,West,Individual,33,2370.86,0.15,66502.62
2024-08-15,Monitors,South,Individual,22,975.72,0.02,21036.52
2024-01-21,Monitors,North,Corporate,9,540.18,0.07,4521.31
2024-10-27,Desktops,South,Corporate,25,1665.06,0.16,34966.26
2024-08-20,Accessories,East,Corporate,31,2400.79,0.03,72191.76
2024-05-14,Desktops,West,Individual,6,1210.47,0.3,5083.97
2024-03-08,Monitors,North,Individual,16,1665.12,0.23,20514.28
2024-03-14,Laptops,West,Corporate,39,2760.14,0.06,101186.73
2024-10-02,Monitors,East,Individual,7,2732.85,0.01,18938.65
2024-12-11,Monitors,North,Corporate,4,2096.37,0.22,6540.67
2024-01-24,Accessories,South,Corporate,36,1613.64,0.16,48796.47
2024-06-06,Laptops,South,Corporate,33,328.33,0.1,9751.4
2024-08-30,Desktops,East,Individual,49,330.14,0.13,14073.87
2024-01-17,Monitors,West,Individual,14,2456.48,0.03,33359.0
2024-09-06,Laptops,West,Corporate,48,837.25,0.25,30141.0
2024-09-09,Accessories,East,Corporate,47,2697.99,0.07,117929.14
2024-03-17,Laptops,North,Corporate,11,1754.71,0.13,16792.57
2024-10-16,Monitors,West,Individual,49,1498.0,0.25,55051.5
2024-08-24,Laptops,North,Individual,15,573.09,0.2,6877.08
2024-10-09,Desktops,East,Corporate,24,1628.15,0.03,37903.33
2024-02-05,Laptops,West,Individual,21,2218.37,0.09,42393.05
2024-03-06,Monitors,North,Individual,9,1560.06,0.13,12215.27
2024-12-21,Desktops,South,Corporate,27,2532.55,0.19,55386.87
2024-07-07,Desktops,North,Corporate,23,216.96,0.27,3642.76
2024-09-16,Accessories,East,Individual,50,2810.97,0.3,98383.95
2024-06-24,Laptops,South,Individual,50,349.11,0.25,13091.62
2024-06-03,Monitors,West,Corporate,15,2344.95,0.14,30249.86
2024-12-12,Accessories,North,Corporate,26,2354.23,0.09,55701.08
2024-05-26,Accessories,East,Corporate,34,1888.45,0.02,62923.15
2024-02-26,Laptops,North,Individual,45,2892.44,0.05,123651.81
2024-09-03,Laptops,North,Corporate,29,1065.77,0.11,27507.52
2024-10-07,Laptops,East,Corporate,30,572.38,0.14,14767.4
2024-01-31,Desktops,South,Individual,4,1430.6,0.01,5665.18
2024-02-19,Accessories,West,Individual,45,1049.54,0.07,43923.25
2024-07-03,Accessories,South,Corporate,4,1286.15,0.01,5093.15
2024-10-06,Desktops,West,Corporate,36,2603.05,0.2,74967.84
2024-12-31,Monitors,East,Corporate,5,2584.69,0.18,10597.23
2024-02-27,Laptops,South,Individual,15,2872.89,0.14,37060.28
2024-07-26,Accessories,North,Corporate,15,457.51,0.27,5009.73
2024-08-09,Monitors,East,Corporate,12,2307.94,0.22,21602.32
2024-12-08,Accessories,East,Individual,28,2129.95,0.07,55463.9
2024-09-17,Laptops,East,Corporate,28,2280.81,0.22,49812.89
2024-04-15,Accessories,South,Corporate,3,729.64,0.21,1729.25
2024-05-04,Desktops,South,Individual,2,174.06,0.28,250.65
2024-09-12,Laptops,West,Individual,27,1111.69,0.1,27014.07
2024-10-01,Desktops,West,Corporate,22,1302.22,0.28,20627.16
2024-12-31,Accessories,West,Corporate,8,867.07,0.07,6451.0
2024-08-10,Accessories,West,Corporate,47,427.62,0.09,18289.31
2024-03-10,Monitors,South,Individual,16,2115.57,0.03,32833.65
2024-01-10,Desktops,North,Individual,42,1923.23,0.07,75121.36
2024-09-06,Laptops,North,Corporate,5,2215.01,0.16,9303.04
2024-07-23,Monitors,West,Corporate,49,1999.07,0.29,69547.65
2024-08-10,Desktops,North,Individual,39,1289.26,0.22,39219.29
2024-08-02,Accessories,North,Corporate,42,1626.12,0.28,49173.87
2024-01-27,Desktops,North,Corporate,22,2504.75,0.28,39675.24
2024-09-14,Desktops,South,Corporate,21,1736.97,0.17,30275.39
2024-04-24,Monitors,West,Corporate,8,1210.09,0.28,6970.12
2024-12-10,Desktops,South,Individual,47,2265.56,0.13,92638.75
2024-09-03,Laptops,East,Corporate,23,2534.81,0.1,52470.57
2024-01-21,Accessories,East,Individual,18,534.99,0.29,6837.17
2024-05-24,Monitors,West,Individual,43,2662.26,0.02,112187.64
2024-12-10,Monitors,East,Corporate,30,2868.08,0.29,61090.1
2024-07-31,Accessories,South,Individual,24,2486.08,0.13,51909.35
2024-01-15,Laptops,East,Individual,48,2171.08,0.22,81285.24
2024-02-28,Desktops,West,Corporate,22,1637.83,0.29,25582.9
2024-03-23,Accessories,South,Corporate,20,1561.96,0.08,28740.06
2024-03-24,Desktops,West,Individual,45,667.83,0.12,26446.07
2024-09-11,Accessories,North,Corporate,10,584.38,0.02,5726.92
2024-02-03,Accessories,West,Individual,14,1544.77,0.13,18815.3
2024-10-10,Accessories,West,Individual,19,1060.4,0.12,17729.89
2024-10-27,Desktops,North,Corporate,14,2421.31,0.17,28135.62
2024-07-05,Accessories,East,Individual,25,2763.13,0.1,62170.42
2024-05-22,Monitors,East,Individual,19,1806.5,0.02,33637.03
2024-07-14,Laptops,West,Corporate,25,2473.97,0.16,51953.37
2024-06-05,Accessories,West,Individual,41,1591.95,0.0,65269.95
2024-05-24,Accessories,East,Corporate,43,1602.57,0.16,57884.83
2024-03-21,Desktops,East,Corporate,19,922.0,0.02,17167.64
2024-07-20,Laptops,West,Individual,45,862.18,0.19,31426.46
2024-05-25,Desktops,North,Individual,50,371.03,0.24,14099.14
2024-01-14,Desktops,North,Individual,33,2096.59,0.24,52582.48
2024-12-12,Laptops,West,Corporate,35,914.95,0.05,30422.09
2024-10-03,Monitors,East,Individual,32,2249.7,0.21,56872.42
2024-06-04,Monitors,North,Individual,1,1939.32,0.01,1919.93
2024-03-13,Accessories,West,Corporate,37,2217.16,0.13,71370.38
2024-02-28,Laptops,West,Corporate,49,1241.85,0.13,52940.07
2024-05-22,Desktops,South,Individual,9,1556.65,0.21,11067.78
2024-12-22,Accessories,North,Corporate,4,1544.85,0.1,5561.46
2024-07-27,Monitors,West,Individual,15,2166.45,0.29,23072.69
2024-10-18,Accessories,East,Corporate,14,2250.23,0.12,27722.83
2024-07-24,Monitors,West,Individual,6,806.36,0.28,3483.48
2024-05-20,Monitors,East,Individual,37,749.53,0.09,25236.68
2024-09-15,Laptops,West,Corporate,6,2915.45,0.27,12769.67
2024-10-21,Laptops,West,Individual,27,2789.54,0.28,54228.66
2024-12-14,Accessories,North,Corporate,16,1196.89,0.06,18001.23
2024-02-29,Accessories,West,Individual,2,2661.88,0.19,4312.25
2024-08-01,Desktops,South,Corporate,46,2597.03,0.05,113490.21
2024-06-20,Laptops,West,Corporate,19,2611.25,0.06,46636.92
2024-05-14,Accessories,North,Corporate,7,1582.8,0.02,10858.01
2024-05-26,Accessories,North,Individual,14,730.48,0.15,8692.71
2024-10-14,Desktops,South,Individual,45,516.8,0.08,21395.52
2024-03-04,Accessories,West,Corporate,25,1405.64,0.28,25301.52
2024-11-07,Monitors,South,Corporate,32,2663.37,0.18,69886.83
2024-10-05,Accessories,West,Corporate,40,182.16,0.1,6557.76
2024-11-23,Desktops,North,Corporate,10,318.3,0.05,3023.85
2024-01-27,Laptops,East,Individual,9,296.89,0.28,1923.85
2024-06-05,Desktops,South,Individual,24,2654.22,0.21,50324.01
2024-09-23,Monitors,West,Individual,46,1675.95,0.12,67842.46
2024-09-03,Accessories,West,Individual,19,1928.87,0.14,31517.74
2024-12-04,Accessories,East,Individual,38,517.46,0.07,18287.04
2024-11-21,Desktops,North,Individual,43,2191.24,0.2,75378.66
2024-07-23,Laptops,South,Corporate,33,287.77,0.05,9021.59
2024-08-23,Accessories,South,Individual,12,2305.52,0.23,21303.0
2024-01-29,Laptops,North,Individual,15,1383.37,0.1,18675.5
2024-10-16,Desktops,South,Individual,18,1173.98,0.22,16482.68
2024-03-22,Desktops,East,Corporate,11,2051.75,0.2,18055.4
2024-01-26,Laptops,South,Individual,12,2784.81,0.11,29741.77
2024-03-09,Accessories,West,Corporate,19,2871.04,0.14,46912.79
2024-09-02,Accessories,East,Individual,22,176.31,0.27,2831.54
2024-12-26,Desktops,North,Corporate,18,503.66,0.18,7434.02
2024-05-22,Accessories,North,Corporate,20,2276.31,0.19,36876.22
2024-02-25,Laptops,West,Corporate,46,2484.63,0.15,97149.03
2024-12-07,Desktops,West,Corporate,44,2118.92,0.07,86706.21
2024-12-28,Accessories,North,Individual,47,226.22,0.07,9888.08
2024-08-19,Laptops,East,Corporate,23,1798.08,0.17,34325.35
2024-04-17,Monitors,South,Individual,31,779.32,0.18,19810.31
2024-08-10,Accessories,North,Individual,28,2516.76,0.21,55670.73
2024-05-13,Desktops,North,Corporate,25,1455.56,0.28,26200.08
2024-12-06,Desktops,South,Corporate,11,574.1,0.27,4610.02
2024-01-25,Accessories,East,Corporate,15,829.73,0.29,8836.62
2024-04-08,Accessories,South,Corporate,2,2894.29,0.24,4399.32
2024-11-07,Accessories,South,Corporate,48,1333.19,0.3,44795.18
2024-08-08,Accessories,West,Corporate,10,2068.44,0.07,19236.49
2024-04-04,Laptops,North,Corporate,12,2988.6,0.25,26897.4
2024-07-16,Laptops,South,Corporate,34,1500.77,0.12,44903.04
2024-01-31,Laptops,South,Individual,48,2776.28,0.3,93283.01
2024-12-24,Desktops,North,Corporate,40,143.09,0.18,4693.35
2024-11-12,Laptops,East,Individual,28,1611.66,0.02,44223.95
2024-05-15,Desktops,West,Individual,22,2711.23,0.14,51296.47
2024-08-04,Monitors,South,Corporate,28,1597.04,0.05,42481.26
2024-12-13,Laptops,East,Corporate,43,2775.28,0.17,99049.74
2024-12-16,Desktops,North,Individual,29,2623.48,0.01,75320.11
2024-02-10,Monitors,North,Individual,17,1053.96,0.15,15229.72
2024-12-10,Monitors,South,Corporate,33,1017.63,0.29,23843.07
2024-03-11,Desktops,East,Individual,39,296.14,0.07,10741.0
2024-06-14,Accessories,West,Individual,2,135.45,0.19,219.43
2024-08-12,Laptops,West,Individual,50,2356.04,0.09,107199.82
2024-06-07,Monitors,North,Individual,7,960.66,0.01,6657.37
2024-01-02,Laptops,North,Corporate,33,664.79,0.24,16672.93
2024-01-19,Accessories,West,Individual,26,194.84,0.24,3850.04
2024-04-08,Accessories,South,Individual,30,1295.18,0.04,37301.18
2024-02-21,Accessories,North,Corporate,27,411.58,0.09,10112.52
2024-09-19,Desktops,East,Corporate,18,813.09,0.26,10830.36
2024-11-15,Monitors,South,Individual,10,1760.33,0.19,14258.67
